"iso3c";"ano";"pop_milhoes"
"ABW";2010;0,100341
"ABW";2011;0,101288
"ABW";2012;0,102112
"ABW";2013;0,10288
"ABW";2014;0,103594
"ABW";2015;0,104257
"ABW";2016;0,104874
"ABW";2017;0,105439
"ABW";2018;0,105962
"ABW";2019;0,106442
"ABW";2020;0,106585
"ABW";2021;0,106537
"ABW";2022;0,106445
"AFG";2010;28,189672
"AFG";2011;29,249157
"AFG";2012;30,466479
"AFG";2013;31,541209
"AFG";2014;32,71621
"AFG";2015;33,753499
"AFG";2016;34,636207
"AFG";2017;35,643418
"AFG";2018;36,686784
"AFG";2019;37,769499
"AFG";2020;38,97223
"AFG";2021;40,099462
"AFG";2022;41,128771
"AGO";2010;23,364185
"AGO";2011;24,259111
"AGO";2012;25,188292
"AGO";2013;26,147002
"AGO";2014;27,128337
"AGO";2015;28,127721
"AGO";2016;29,154746
"AGO";2017;30,208628
"AGO";2018;31,273533
"AGO";2019;32,353588
"AGO";2020;33,428486
"AGO";2021;34,503774
"AGO";2022;35,588987
"ALB";2010;2,913021
"ALB";2011;2,905195
"ALB";2012;2,900401
"ALB";2013;2,895092
"ALB";2014;2,889104
"ALB";2015;2,880703
"ALB";2016;2,876101
"ALB";2017;2,873457
"ALB";2018;2,866376
"ALB";2019;2,854191
"ALB";2020;2,837849
"ALB";2021;2,811666
"ALB";2022;2,777689
"AND";2010;0,071519
"AND";2011;0,070567
"AND";2012;0,071013
"AND";2013;0,071367
"AND";2014;0,071621
"AND";2015;0,071746
"AND";2016;0,07254
"AND";2017;0,073837
"AND";2018;0,075013
"AND";2019;0,076343
"AND";2020;0,0777
"AND";2021;0,079034
"AND";2022;0,079824
"ARE";2010;8,481771
"ARE";2011;8,575205
"ARE";2012;8,664969
"ARE";2013;8,751847
"ARE";2014;8,835951
"ARE";2015;8,916899
"ARE";2016;8,994263
"ARE";2017;9,068296
"ARE";2018;9,140169
"ARE";2019;9,211657
"ARE";2020;9,287289
"ARE";2021;9,365145
"ARE";2022;9,441129
"ARG";2010;40,788453
"ARG";2011;41,26149
"ARG";2012;41,733271
"ARG";2013;42,202935
"ARG";2014;42,6695
"ARG";2015;43,131966
"ARG";2016;43,590368
"ARG";2017;44,044811
"ARG";2018;44,494502
"ARG";2019;44,938712
"ARG";2020;45,376763
"ARG";2021;45,808747
"ARG";2022;46,23483
"ARM";2010;2,946293
"ARM";2011;2,928976
"ARM";2012;2,914421
"ARM";2013;2,901385
"ARM";2014;2,88993
"ARM";2015;2,878595
"ARM";2016;2,865835
"ARM";2017;2,851923
"ARM";2018;2,836557
"ARM";2019;2,820602
"ARM";2020;2,805608
"ARM";2021;2,790974
"ARM";2022;2,780469
"ASM";2010;0,054849
"ASM";2011;0,05431
"ASM";2012;0,053691
"ASM";2013;0,052995
"ASM";2014;0,052217
"ASM";2015;0,051368
"ASM";2016;0,050448
"ASM";2017;0,049463
"ASM";2018;0,048424
"ASM";2019;0,047321
"ASM";2020;0,046189
"ASM";2021;0,045035
"ASM";2022;0,044273
"ATG";2010;0,085695
"ATG";2011;0,086729
"ATG";2012;0,087674
"ATG";2013;0,088497
"ATG";2014;0,089236
"ATG";2015;0,089941
"ATG";2016;0,090564
"ATG";2017;0,091119
"ATG";2018;0,091626
"ATG";2019;0,092117
"ATG";2020;0,092664
"ATG";2021;0,093219
"ATG";2022;0,093763
"AUS";2010;22,03175
"AUS";2011;22,340024
"AUS";2012;22,733465
"AUS";2013;23,128129
"AUS";2014;23,475686
"AUS";2015;23,815995
"AUS";2016;24,190907
"AUS";2017;24,592588
"AUS";2018;24,963258
"AUS";2019;25,334826
"AUS";2020;25,649248
"AUS";2021;25,685412
"AUS";2022;26,00554
"AUT";2010;8,363404
"AUT";2011;8,391643
"AUT";2012;8,429991
"AUT";2013;8,479823
"AUT";2014;8,546356
"AUT";2015;8,642699
"AUT";2016;8,736668
"AUT";2017;8,797566
"AUT";2018;8,840521
"AUT";2019;8,87992
"AUT";2020;8,916864
"AUT";2021;8,955797
"AUT";2022;9,041851
"AZE";2010;9,054332
"AZE";2011;9,173082
"AZE";2012;9,295784
"AZE";2013;9,416801
"AZE";2014;9,535079
"AZE";2015;9,649341
"AZE";2016;9,757812
"AZE";2017;9,854033
"AZE";2018;9,939771
"AZE";2019;10,024283
"AZE";2020;10,093121
"AZE";2021;10,13775
"AZE";2022;10,141756
"BDI";2010;9,126605
"BDI";2011;9,455733
"BDI";2012;9,795479
"BDI";2013;10,149577
"BDI";2014;10,494913
"BDI";2015;10,727148
"BDI";2016;10,903327
"BDI";2017;11,155593
"BDI";2018;11,493472
"BDI";2019;11,874838
"BDI";2020;12,220227
"BDI";2021;12,551213
"BDI";2022;12,889576
"BEL";2010;10,895586
"BEL";2011;11,038264
"BEL";2012;11,106932
"BEL";2013;11,159407
"BEL";2014;11,209057
"BEL";2015;11,274196
"BEL";2016;11,331422
"BEL";2017;11,375158
"BEL";2018;11,427054
"BEL";2019;11,48898
"BEL";2020;11,538604
"BEL";2021;11,586195
"BEL";2022;11,685814
"BEN";2010;9,44571
"BEN";2011;9,72638
"BEN";2012;10,014078
"BEN";2013;10,30873
"BEN";2014;10,614844
"BEN";2015;10,932783
"BEN";2016;11,260085
"BEN";2017;11,596779
"BEN";2018;11,940683
"BEN";2019;12,290444
"BEN";2020;12,643123
"BEN";2021;12,996895
"BEN";2022;13,352864
"BFA";2010;16,116845
"BFA";2011;16,602651
"BFA";2012;17,113732
"BFA";2013;17,636408
"BFA";2014;18,169842
"BFA";2015;18,718019
"BFA";2016;19,275498
"BFA";2017;19,835858
"BFA";2018;20,392723
"BFA";2019;20,951639
"BFA";2020;21,522626
"BFA";2021;22,100683
"BFA";2022;22,673762
"BGD";2010;148,391139
"BGD";2011;150,211005
"BGD";2012;152,090649
"BGD";2013;154,030139
"BGD";2014;155,961299
"BGD";2015;157,83
"BGD";2016;159,784568
"BGD";2017;161,793964
"BGD";2018;163,683958
"BGD";2019;165,516222
"BGD";2020;167,420951
"BGD";2021;169,356251
"BGD";2022;171,186372
"BGR";2010;7,395599
"BGR";2011;7,348328
"BGR";2012;7,305888
"BGR";2013;7,265115
"BGR";2014;7,223938
"BGR";2015;7,177991
"BGR";2016;7,127822
"BGR";2017;7,075947
"BGR";2018;7,025037
"BGR";2019;6,975761
"BGR";2020;6,934015
"BGR";2021;6,877743
"BGR";2022;6,465097
"BHR";2010;1,213645
"BHR";2011;1,212077
"BHR";2012;1,224939
"BHR";2013;1,261673
"BHR";2014;1,311134
"BHR";2015;1,362142
"BHR";2016;1,409661
"BHR";2017;1,456834
"BHR";2018;1,48734
"BHR";2019;1,494188
"BHR";2020;1,477469
"BHR";2021;1,463265
"BHR";2022;1,472233
"BHS";2010;0,373272
"BHS";2011;0,37795
"BHS";2012;0,382061
"BHS";2013;0,38565
"BHS";2014;0,389131
"BHS";2015;0,392697
"BHS";2016;0,395976
"BHS";2017;0,39902
"BHS";2018;0,401906
"BHS";2019;0,404557
"BHS";2020;0,406471
"BHS";2021;0,407906
"BHS";2022;0,409984
"BIH";2010;3,811088
"BIH";2011;3,743142
"BIH";2012;3,674374
"BIH";2013;3,617559
"BIH";2014;3,571068
"BIH";2015;3,524324
"BIH";2016;3,480986
"BIH";2017;3,440027
"BIH";2018;3,400129
"BIH";2019;3,360711
"BIH";2020;3,318407
"BIH";2021;3,270943
"BIH";2022;3,233526
"BLR";2010;9,483836
"BLR";2011;9,461643
"BLR";2012;9,446836
"BLR";2013;9,443211
"BLR";2014;9,448515
"BLR";2015;9,461076
"BLR";2016;9,469379
"BLR";2017;9,458989
"BLR";2018;9,438785
"BLR";2019;9,419758
"BLR";2020;9,379952
"BLR";2021;9,302585
"BLR";2022;9,228071
"BLZ";2010;0,322106
"BLZ";2011;0,329538
"BLZ";2012;0,337059
"BLZ";2013;0,344688
"BLZ";2014;0,352335
"BLZ";2015;0,359871
"BLZ";2016;0,367313
"BLZ";2017;0,374693
"BLZ";2018;0,382066
"BLZ";2019;0,389095
"BLZ";2020;0,394921
"BLZ";2021;0,400031
"BLZ";2022;0,405272
"BMU";2010;0,065124
"BMU";2011;0,064564
"BMU";2012;0,064798
"BMU";2013;0,065001
"BMU";2014;0,065138
"BMU";2015;0,065237
"BMU";2016;0,064554
"BMU";2017;0,063873
"BMU";2018;0,063918
"BMU";2019;0,063911
"BMU";2020;0,063893
"BMU";2021;0,063764
"BMU";2022;0,063532
"BOL";2010;10,22327
"BOL";2011;10,396246
"BOL";2012;10,569697
"BOL";2013;10,743349
"BOL";2014;10,916987
"BOL";2015;11,090085
"BOL";2016;11,263015
"BOL";2017;11,435533
"BOL";2018;11,606905
"BOL";2019;11,777315
"BOL";2020;11,936162
"BOL";2021;12,079472
"BOL";2022;12,22411
"BRA";2010;196,353492
"BRA";2011;198,185302
"BRA";2012;199,977707
"BRA";2013;201,721767
"BRA";2014;203,45965
"BRA";2015;205,188205
"BRA";2016;206,859578
"BRA";2017;208,50496
"BRA";2018;210,166592
"BRA";2019;211,782878
"BRA";2020;213,196304
"BRA";2021;214,326223
"BRA";2022;215,313498
"BRB";2010;0,274711
"BRB";2011;0,275486
"BRB";2012;0,276197
"BRB";2013;0,276865
"BRB";2014;0,277493
"BRB";2015;0,278083
"BRB";2016;0,278649
"BRB";2017;0,279187
"BRB";2018;0,279688
"BRB";2019;0,28018
"BRB";2020;0,280693
"BRB";2021;0,2812
"BRB";2022;0,281635
"BRN";2010;0,396053
"BRN";2011;0,401506
"BRN";2012;0,406634
"BRN";2013;0,411702
"BRN";2014;0,416656
"BRN";2015;0,421437
"BRN";2016;0,425994
"BRN";2017;0,430276
"BRN";2018;0,434274
"BRN";2019;0,438048
"BRN";2020;0,441725
"BRN";2021;0,445373
"BRN";2022;0,449002
"BTN";2010;0,705516
"BTN";2011;0,713331
"BTN";2012;0,721145
"BTN";2013;0,728889
"BTN";2014;0,736357
"BTN";2015;0,743274
"BTN";2016;0,749761
"BTN";2017;0,756121
"BTN";2018;0,762096
"BTN";2019;0,767459
"BTN";2020;0,772506
"BTN";2021;0,777486
"BTN";2022;0,782455
"BWA";2010;2,091664
"BWA";2011;2,134037
"BWA";2012;2,175425
"BWA";2013;2,217278
"BWA";2014;2,260376
"BWA";2015;2,305171
"BWA";2016;2,352416
"BWA";2017;2,40184
"BWA";2018;2,451409
"BWA";2019;2,499702
"BWA";2020;2,546402
"BWA";2021;2,588423
"BWA";2022;2,630296
"CAF";2010;4,660067
"CAF";2011;4,732022
"CAF";2012;4,773306
"CAF";2013;4,802428
"CAF";2014;4,798734
"CAF";2015;4,819333
"CAF";2016;4,904177
"CAF";2017;4,996741
"CAF";2018;5,09478
"CAF";2019;5,209324
"CAF";2020;5,34302
"CAF";2021;5,457154
"CAF";2022;5,579144
"CAN";2010;34,004889
"CAN";2011;34,339328
"CAN";2012;34,714222
"CAN";2013;35,082954
"CAN";2014;35,437435
"CAN";2015;35,702908
"CAN";2016;36,109487
"CAN";2017;36,545236
"CAN";2018;37,065084
"CAN";2019;37,60123
"CAN";2020;38,007166
"CAN";2021;38,226498
"CAN";2022;38,929902
"CHE";2010;7,824909
"CHE";2011;7,912398
"CHE";2012;7,996861
"CHE";2013;8,089346
"CHE";2014;8,188649
"CHE";2015;8,282396
"CHE";2016;8,373338
"CHE";2017;8,45184
"CHE";2018;8,514329
"CHE";2019;8,57528
"CHE";2020;8,638167
"CHE";2021;8,704546
"CHE";2022;8,77576
"CHI";2010;0,156933
"CHI";2011;0,157819
"CHI";2012;0,158621
"CHI";2013;0,159794
"CHI";2014;0,160912
"CHI";2015;0,16219
"CHI";2016;0,163721
"CHI";2017;0,165215
"CHI";2018;0,167259
"CHI";2019;0,16941
"CHI";2020;0,171113
"CHI";2021;0,172683
"CHI";2022;0,174079
"CHL";2010;17,004162
"CHL";2011;17,173573
"CHL";2012;17,341771
"CHL";2013;17,509925
"CHL";2014;17,687108
"CHL";2015;17,870124
"CHL";2016;18,083879
"CHL";2017;18,368577
"CHL";2018;18,70145
"CHL";2019;19,039485
"CHL";2020;19,300315
"CHL";2021;19,493184
"CHL";2022;19,603733
"CHN";2010;1337,705
"CHN";2011;1345,035
"CHN";2012;1354,19
"CHN";2013;1363,24
"CHN";2014;1371,86
"CHN";2015;1379,86
"CHN";2016;1387,79
"CHN";2017;1396,215
"CHN";2018;1402,76
"CHN";2019;1407,745
"CHN";2020;1411,1
"CHN";2021;1412,36
"CHN";2022;1412,175
"CIV";2010;21,120042
"CIV";2011;21,562914
"CIV";2012;22,010712
"CIV";2013;22,469268
"CIV";2014;22,995555
"CIV";2015;23,596741
"CIV";2016;24,213622
"CIV";2017;24,848016
"CIV";2018;25,493988
"CIV";2019;26,147551
"CIV";2020;26,81179
"CIV";2021;27,478249
"CIV";2022;28,160542
"CMR";2010;19,878036
"CMR";2011;20,448873
"CMR";2012;21,032684
"CMR";2013;21,63285
"CMR";2014;22,299585
"CMR";2015;23,012646
"CMR";2016;23,71163
"CMR";2017;24,393181
"CMR";2018;25,076747
"CMR";2019;25,782341
"CMR";2020;26,491087
"CMR";2021;27,198628
"CMR";2022;27,914536
"COD";2010;66,391257
"COD";2011;68,654269
"COD";2012;70,99787
"COD";2013;73,460021
"COD";2014;76,035588
"COD";2015;78,656904
"COD";2016;81,430977
"COD";2017;84,283273
"COD";2018;87,087355
"COD";2019;89,90689
"COD";2020;92,853164
"COD";2021;95,894118
"COD";2022;99,010212
"COG";2010;4,437884
"COG";2011;4,584216
"COG";2012;4,713257
"COG";2013;4,828066
"COG";2014;4,944861
"COG";2015;5,064386
"COG";2016;5,186824
"COG";2017;5,31234
"COG";2018;5,441062
"COG";2019;5,570733
"COG";2020;5,702174
"COG";2021;5,835806
"COG";2022;5,970424
"COL";2010;44,816108
"COL";2011;45,308899
"COL";2012;45,782417
"COL";2013;46,23793
"COL";2014;46,677947
"COL";2015;47,119728
"COL";2016;47,625955
"COL";2017;48,351671
"COL";2018;49,276961
"COL";2019;50,187406
"COL";2020;50,930662
"COL";2021;51,516562
"COL";2022;51,874024
"COM";2010;0,656024
"COM";2011;0,670071
"COM";2012;0,684553
"COM";2013;0,699393
"COM";2014;0,714612
"COM";2015;0,730216
"COM";2016;0,746232
"COM";2017;0,761664
"COM";2018;0,776313
"COM";2019;0,790986
"COM";2020;0,806166
"COM";2021;0,821625
"COM";2022;0,836774
"CPV";2010;0,521212
"CPV";2011;0,527521
"CPV";2012;0,533864
"CPV";2013;0,53994
"CPV";2014;0,546076
"CPV";2015;0,552166
"CPV";2016;0,558394
"CPV";2017;0,564954
"CPV";2018;0,571202
"CPV";2019;0,57703
"CPV";2020;0,58264
"CPV";2021;0,587925
"CPV";2022;0,593149
"CRI";2010;4,622252
"CRI";2011;4,679926
"CRI";2012;4,736593
"CRI";2013;4,791535
"CRI";2014;4,844288
"CRI";2015;4,895242
"CRI";2016;4,945205
"CRI";2017;4,993842
"CRI";2018;5,040734
"CRI";2019;5,084532
"CRI";2020;5,123105
"CRI";2021;5,153957
"CRI";2022;5,180829
"CUB";2010;11,290417
"CUB";2011;11,29871
"CUB";2012;11,30929
"CUB";2013;11,321579
"CUB";2014;11,332026
"CUB";2015;11,339894
"CUB";2016;11,342012
"CUB";2017;11,336405
"CUB";2018;11,328244
"CUB";2019;11,316697
"CUB";2020;11,300698
"CUB";2021;11,256372
"CUB";2022;11,212191
"CUW";2010;0,148703
"CUW";2011;0,150831
"CUW";2012;0,152088
"CUW";2013;0,153822
"CUW";2014;0,155909
"CUW";2015;0,15798
"CUW";2016;0,159664
"CUW";2017;0,160175
"CUW";2018;0,159336
"CUW";2019;0,157441
"CUW";2020;0,154947
"CUW";2021;0,152369
"CUW";2022;0,149996
"CYM";2010;0,054074
"CYM";2011;0,055492
"CYM";2012;0,05686
"CYM";2013;0,058212
"CYM";2014;0,059559
"CYM";2015;0,060911
"CYM";2016;0,062255
"CYM";2017;0,063581
"CYM";2018;0,064884
"CYM";2019;0,066134
"CYM";2020;0,067311
"CYM";2021;0,068136
"CYM";2022;0,068706
"CYP";2010;1,129686
"CYP";2011;1,145086
"CYP";2012;1,156556
"CYP";2013;1,166968
"CYP";2014;1,176995
"CYP";2015;1,18728
"CYP";2016;1,197881
"CYP";2017;1,208523
"CYP";2018;1,218831
"CYP";2019;1,228836
"CYP";2020;1,237537
"CYP";2021;1,244188
"CYP";2022;1,251488
"CZE";2010;10,47441
"CZE";2011;10,496088
"CZE";2012;10,510785
"CZE";2013;10,514272
"CZE";2014;10,525347
"CZE";2015;10,546059
"CZE";2016;10,566332
"CZE";2017;10,594438
"CZE";2018;10,629928
"CZE";2019;10,67187
"CZE";2020;10,697858
"CZE";2021;10,505772
"CZE";2022;10,672118
"DEU";2010;81,77693
"DEU";2011;80,274983
"DEU";2012;80,425823
"DEU";2013;80,645605
"DEU";2014;80,9825
"DEU";2015;81,686611
"DEU";2016;82,348669
"DEU";2017;82,657002
"DEU";2018;82,905782
"DEU";2019;83,092962
"DEU";2020;83,160871
"DEU";2021;83,196078
"DEU";2022;83,797985
"DJI";2010;0,919199
"DJI";2011;0,936811
"DJI";2012;0,954297
"DJI";2013;0,971753
"DJI";2014;0,989087
"DJI";2015;1,006259
"DJI";2016;1,023261
"DJI";2017;1,040233
"DJI";2018;1,057198
"DJI";2019;1,073994
"DJI";2020;1,090156
"DJI";2021;1,105557
"DJI";2022;1,120849
"DMA";2010;0,068755
"DMA";2011;0,068742
"DMA";2012;0,068888
"DMA";2013;0,068819
"DMA";2014;0,069371
"DMA";2015;0,070007
"DMA";2016;0,070075
"DMA";2017;0,070403
"DMA";2018;0,070823
"DMA";2019;0,071428
"DMA";2020;0,071995
"DMA";2021;0,072412
"DMA";2022;0,072737
"DNK";2010;5,547683
"DNK";2011;5,570572
"DNK";2012;5,591572
"DNK";2013;5,614932
"DNK";2014;5,643475
"DNK";2015;5,683483
"DNK";2016;5,72801
"DNK";2017;5,76498
"DNK";2018;5,793636
"DNK";2019;5,814422
"DNK";2020;5,831404
"DNK";2021;5,856733
"DNK";2022;5,903037
"DOM";2010;9,775755
"DOM";2011;9,903737
"DOM";2012;10,030882
"DOM";2013;10,157051
"DOM";2014;10,282115
"DOM";2015;10,405832
"DOM";2016;10,527592
"DOM";2017;10,647244
"DOM";2018;10,765531
"DOM";2019;10,881882
"DOM";2020;10,999664
"DOM";2021;11,117873
"DOM";2022;11,228821
"DZA";2010;35,856344
"DZA";2011;36,543541
"DZA";2012;37,260563
"DZA";2013;38,000626
"DZA";2014;38,760168
"DZA";2015;39,543154
"DZA";2016;40,339329
"DZA";2017;41,136546
"DZA";2018;41,927007
"DZA";2019;42,705368
"DZA";2020;43,451666
"DZA";2021;44,177969
"DZA";2022;44,903225
"ECU";2010;14,989585
"ECU";2011;15,237728
"ECU";2012;15,483883
"ECU";2013;15,722989
"ECU";2014;15,957994
"ECU";2015;16,195902
"ECU";2016;16,439585
"ECU";2017;16,696944
"ECU";2018;17,015672
"ECU";2019;17,34374
"ECU";2020;17,588595
"ECU";2021;17,797737
"ECU";2022;18,001
"EGY";2010;87,252413
"EGY";2011;89,200054
"EGY";2012;91,240376
"EGY";2013;93,37789
"EGY";2014;95,592324
"EGY";2015;97,723799
"EGY";2016;99,78403
"EGY";2017;101,789386
"EGY";2018;103,740765
"EGY";2019;105,618671
"EGY";2020;107,465134
"EGY";2021;109,262178
"EGY";2022;110,990103
"ERI";2010;3,147727
"ERI";2011;3,20757
"ERI";2012;3,252596
"ERI";2013;3,296367
"ERI";2014;3,323425
"ERI";2015;3,340006
"ERI";2016;3,365287
"ERI";2017;3,396933
"ERI";2018;3,445374
"ERI";2019;3,498818
"ERI";2020;3,555868
"ERI";2021;3,620312
"ERI";2022;3,684032
"ESP";2010;46,576897
"ESP";2011;46,742697
"ESP";2012;46,773055
"ESP";2013;46,620045
"ESP";2014;46,480882
"ESP";2015;46,444832
"ESP";2016;46,484062
"ESP";2017;46,593236
"ESP";2018;46,797754
"ESP";2019;47,134837
"ESP";2020;47,365655
"ESP";2021;47,415794
"ESP";2022;47,77834
"EST";2010;1,331475
"EST";2011;1,327439
"EST";2012;1,322696
"EST";2013;1,317997
"EST";2014;1,314545
"EST";2015;1,315407
"EST";2016;1,31579
"EST";2017;1,317384
"EST";2018;1,321977
"EST";2019;1,326898
"EST";2020;1,329522
"EST";2021;1,330932
"EST";2022;1,34884
"ETH";2010;89,237791
"ETH";2011;91,817929
"ETH";2012;94,45128
"ETH";2013;97,084366
"ETH";2014;99,746766
"ETH";2015;102,471895
"ETH";2016;105,293228
"ETH";2017;108,19795
"ETH";2018;111,129438
"ETH";2019;114,120594
"ETH";2020;117,190911
"ETH";2021;120,283026
"ETH";2022;123,379924
"FIN";2010;5,363352
"FIN";2011;5,388272
"FIN";2012;5,413971
"FIN";2013;5,438972
"FIN";2014;5,461512
"FIN";2015;5,479531
"FIN";2016;5,495303
"FIN";2017;5,508214
"FIN";2018;5,515525
"FIN";2019;5,521606
"FIN";2020;5,529543
"FIN";2021;5,541017
"FIN";2022;5,556106
"FJI";2010;0,905169
"FJI";2011;0,908355
"FJI";2012;0,911059
"FJI";2013;0,913453
"FJI";2014;0,91556
"FJI";2015;0,9172
"FJI";2016;0,918371
"FJI";2017;0,919019
"FJI";2018;0,918996
"FJI";2019;0,918465
"FJI";2020;0,920422
"FJI";2021;0,92461
"FJI";2022;0,929766
"FRA";2010;65,030575
"FRA";2011;65,345233
"FRA";2012;65,66224
"FRA";2013;66,002289
"FRA";2014;66,312067
"FRA";2015;66,548272
"FRA";2016;66,724104
"FRA";2017;66,91802
"FRA";2018;67,158348
"FRA";2019;67,388001
"FRA";2020;67,571107
"FRA";2021;67,764304
"FRA";2022;67,971311
"FRO";2010;0,04841
"FRO";2011;0,048386
"FRO";2012;0,048392
"FRO";2013;0,048418
"FRO";2014;0,048465
"FRO";2015;0,048816
"FRO";2016;0,0495
"FRO";2017;0,05023
"FRO";2018;0,050955
"FRO";2019;0,051681
"FRO";2020;0,052415
"FRO";2021;0,052889
"FRO";2022;0,05309
"FSM";2010;0,107588
"FSM";2011;0,107887
"FSM";2012;0,108232
"FSM";2013;0,108609
"FSM";2014;0,109024
"FSM";2015;0,109462
"FSM";2016;0,109925
"FSM";2017;0,11043
"FSM";2018;0,110929
"FSM";2019;0,111379
"FSM";2020;0,112106
"FSM";2021;0,113131
"FSM";2022;0,114164
"GAB";2010;1,711105
"GAB";2011;1,7725
"GAB";2012;1,836705
"GAB";2013;1,902226
"GAB";2014;1,966855
"GAB";2015;2,028517
"GAB";2016;2,086206
"GAB";2017;2,140215
"GAB";2018;2,192012
"GAB";2019;2,242785
"GAB";2020;2,292573
"GAB";2021;2,341179
"GAB";2022;2,388992
"GBR";2010;62,766365
"GBR";2011;63,25881
"GBR";2012;63,700215
"GBR";2013;64,128273
"GBR";2014;64,602298
"GBR";2015;65,116219
"GBR";2016;65,611593
"GBR";2017;66,058859
"GBR";2018;66,460344
"GBR";2019;66,836327
"GBR";2020;67,081234
"GBR";2021;67,026292
"GBR";2022;66,971395
"GEO";2010;3,786695
"GEO";2011;3,756441
"GEO";2012;3,728874
"GEO";2013;3,717668
"GEO";2014;3,719414
"GEO";2015;3,725276
"GEO";2016;3,727505
"GEO";2017;3,728004
"GEO";2018;3,726549
"GEO";2019;3,720161
"GEO";2020;3,722716
"GEO";2021;3,70861
"GEO";2022;3,712502
"GHA";2010;25,574719
"GHA";2011;26,205941
"GHA";2012;26,858762
"GHA";2013;27,525597
"GHA";2014;28,196358
"GHA";2015;28,870939
"GHA";2016;29,554303
"GHA";2017;30,222262
"GHA";2018;30,870641
"GHA";2019;31,52229
"GHA";2020;32,180401
"GHA";2021;32,833031
"GHA";2022;33,47587
"GIB";2010;0,031262
"GIB";2011;0,031701
"GIB";2012;0,03216
"GIB";2013;0,032411
"GIB";2014;0,032452
"GIB";2015;0,03252
"GIB";2016;0,032565
"GIB";2017;0,032602
"GIB";2018;0,032648
"GIB";2019;0,032685
"GIB";2020;0,032709
"GIB";2021;0,032669
"GIB";2022;0,032649
"GIN";2010;10,270728
"GIN";2011;10,527712
"GIN";2012;10,788692
"GIN";2013;11,05543
"GIN";2014;11,333365
"GIN";2015;11,625998
"GIN";2016;11,930985
"GIN";2017;12,240789
"GIN";2018;12,554864
"GIN";2019;12,877539
"GIN";2020;13,205153
"GIN";2021;13,531906
"GIN";2022;13,859341
"GMB";2010;1,937275
"GMB";2011;1,998212
"GMB";2012;2,061014
"GMB";2013;2,124869
"GMB";2014;2,189019
"GMB";2015;2,253133
"GMB";2016;2,317206
"GMB";2017;2,381182
"GMB";2018;2,444916
"GMB";2019;2,508883
"GMB";2020;2,573995
"GMB";2021;2,639916
"GMB";2022;2,705992
"GNB";2010;1,56722
"GNB";2011;1,609017
"GNB";2012;1,652717
"GNB";2013;1,697753
"GNB";2014;1,743309
"GNB";2015;1,788919
"GNB";2016;1,834552
"GNB";2017;1,879826
"GNB";2018;1,924955
"GNB";2019;1,970457
"GNB";2020;2,015828
"GNB";2021;2,060721
"GNB";2022;2,105566
"GNQ";2010;1,094524
"GNQ";2011;1,144588
"GNQ";2012;1,193636
"GNQ";2013;1,243941
"GNQ";2014;1,295183
"GNQ";2015;1,346973
"GNQ";2016;1,398927
"GNQ";2017;1,450694
"GNQ";2018;1,502091
"GNQ";2019;1,553031
"GNQ";2020;1,596049
"GNQ";2021;1,634466
"GNQ";2022;1,674908
"GRC";2010;11,121341
"GRC";2011;11,104899
"GRC";2012;11,045011
"GRC";2013;10,965211
"GRC";2014;10,892413
"GRC";2015;10,820883
"GRC";2016;10,775971
"GRC";2017;10,754679
"GRC";2018;10,732882
"GRC";2019;10,721582
"GRC";2020;10,698599
"GRC";2021;10,569207
"GRC";2022;10,426919
"GRD";2010;0,114039
"GRD";2011;0,114918
"GRD";2012;0,115912
"GRD";2013;0,116945
"GRD";2014;0,117972
"GRD";2015;0,11898
"GRD";2016;0,119966
"GRD";2017;0,120921
"GRD";2018;0,121838
"GRD";2019;0,122724
"GRD";2020;0,123663
"GRD";2021;0,12461
"GRD";2022;0,125438
"GRL";2010;0,056905
"GRL";2011;0,05689
"GRL";2012;0,05681
"GRL";2013;0,056483
"GRL";2014;0,056295
"GRL";2015;0,056114
"GRL";2016;0,056186
"GRL";2017;0,056172
"GRL";2018;0,056023
"GRL";2019;0,056225
"GRL";2020;0,056367
"GRL";2021;0,056653
"GRL";2022;0,056661
"GTM";2010;14,259687
"GTM";2011;14,521515
"GTM";2012;14,781942
"GTM";2013;15,043981
"GTM";2014;15,306316
"GTM";2015;15,567419
"GTM";2016;15,82769
"GTM";2017;16,087418
"GTM";2018;16,34695
"GTM";2019;16,604026
"GTM";2020;16,858333
"GTM";2021;17,109746
"GTM";2022;17,357886
"GUM";2010;0,164905
"GUM";2011;0,165649
"GUM";2012;0,166392
"GUM";2013;0,167054
"GUM";2014;0,167543
"GUM";2015;0,167978
"GUM";2016;0,168346
"GUM";2017;0,168606
"GUM";2018;0,168678
"GUM";2019;0,168624
"GUM";2020;0,169231
"GUM";2021;0,170534
"GUM";2022;0,171774
"GUY";2010;0,747932
"GUY";2011;0,74423
"GUY";2012;0,743966
"GUY";2013;0,74742
"GUY";2014;0,751115
"GUY";2015;0,755031
"GUY";2016;0,759087
"GUY";2017;0,763252
"GUY";2018;0,785514
"GUY";2019;0,798753
"GUY";2020;0,797202
"GUY";2021;0,804567
"GUY";2022;0,808726
"HKG";2010;7,0242
"HKG";2011;7,0716
"HKG";2012;7,1501
"HKG";2013;7,1789
"HKG";2014;7,2295
"HKG";2015;7,2913
"HKG";2016;7,3366
"HKG";2017;7,3932
"HKG";2018;7,4526
"HKG";2019;7,5079
"HKG";2020;7,481
"HKG";2021;7,4131
"HKG";2022;7,3461
"HND";2010;8,450933
"HND";2011;8,622504
"HND";2012;8,792367
"HND";2013;8,960657
"HND";2014;9,127846
"HND";2015;9,294505
"HND";2016;9,460798
"HND";2017;9,626842
"HND";2018;9,79285
"HND";2019;9,958829
"HND";2020;10,121763
"HND";2021;10,278345
"HND";2022;10,43286
"HRV";2010;4,295427
"HRV";2011;4,280622
"HRV";2012;4,267558
"HRV";2013;4,255689
"HRV";2014;4,238389
"HRV";2015;4,203604
"HRV";2016;4,174349
"HRV";2017;4,124531
"HRV";2018;4,087843
"HRV";2019;4,065253
"HRV";2020;4,04768
"HRV";2021;3,879
"HRV";2022;3,8556
"HTI";2010;9,84288
"HTI";2011;9,954312
"HTI";2012;10,108539
"HTI";2013;10,261206
"HTI";2014;10,41274
"HTI";2015;10,563757
"HTI";2016;10,713849
"HTI";2017;10,863543
"HTI";2018;11,012421
"HTI";2019;11,160438
"HTI";2020;11,306801
"HTI";2021;11,447569
"HTI";2022;11,584996
"HUN";2010;10,000023
"HUN";2011;9,971727
"HUN";2012;9,920362
"HUN";2013;9,893082
"HUN";2014;9,866468
"HUN";2015;9,843028
"HUN";2016;9,814023
"HUN";2017;9,787966
"HUN";2018;9,775564
"HUN";2019;9,771141
"HUN";2020;9,750149
"HUN";2021;9,709891
"HUN";2022;9,643048
"IDN";2010;244,016173
"IDN";2011;247,099697
"IDN";2012;250,222695
"IDN";2013;253,275918
"IDN";2014;256,229761
"IDN";2015;259,09197
"IDN";2016;261,850182
"IDN";2017;264,498852
"IDN";2018;267,066843
"IDN";2019;269,582878
"IDN";2020;271,85797
"IDN";2021;273,753191
"IDN";2022;275,501339
"IMN";2010;0,083828
"IMN";2011;0,08435
"IMN";2012;0,084338
"IMN";2013;0,084144
"IMN";2014;0,083896
"IMN";2015;0,083593
"IMN";2016;0,08345
"IMN";2017;0,08358
"IMN";2018;0,083775
"IMN";2019;0,083933
"IMN";2020;0,084046
"IMN";2021;0,084263
"IMN";2022;0,084519
"IND";2010;1240,61362
"IND";2011;1257,621191
"IND";2012;1274,487215
"IND";2013;1291,132063
"IND";2014;1307,246509
"IND";2015;1322,866505
"IND";2016;1338,63634
"IND";2017;1354,19568
"IND";2018;1369,003306
"IND";2019;1383,11205
"IND";2020;1396,387127
"IND";2021;1407,563842
"IND";2022;1417,173173
"IRL";2010;4,560155
"IRL";2011;4,580084
"IRL";2012;4,599533
"IRL";2013;4,623816
"IRL";2014;4,65774
"IRL";2015;4,701957
"IRL";2016;4,755335
"IRL";2017;4,807388
"IRL";2018;4,867316
"IRL";2019;4,93434
"IRL";2020;4,985382
"IRL";2021;5,033164
"IRL";2022;5,12717
"IRN";2010;75,373855
"IRN";2011;76,342971
"IRN";2012;77,324451
"IRN";2013;78,458928
"IRN";2014;79,961672
"IRN";2015;81,790841
"IRN";2016;83,306231
"IRN";2017;84,505076
"IRN";2018;85,617562
"IRN";2019;86,564202
"IRN";2020;87,290193
"IRN";2021;87,923432
"IRN";2022;88,55057
"IRQ";2010;31,264875
"IRQ";2011;32,378061
"IRQ";2012;33,864447
"IRQ";2013;35,4818
"IRQ";2014;36,746488
"IRQ";2015;37,757813
"IRQ";2016;38,697943
"IRQ";2017;39,621162
"IRQ";2018;40,5907
"IRQ";2019;41,56352
"IRQ";2020;42,556984
"IRQ";2021;43,533592
"IRQ";2022;44,496122
"ISL";2010;0,318041
"ISL";2011;0,319014
"ISL";2012;0,320716
"ISL";2013;0,323764
"ISL";2014;0,327386
"ISL";2015;0,330815
"ISL";2016;0,335439
"ISL";2017;0,3434
"ISL";2018;0,352721
"ISL";2019;0,360563
"ISL";2020;0,366463
"ISL";2021;0,37252
"ISL";2022;0,382003
"ISR";2010;7,6236
"ISR";2011;7,7658
"ISR";2012;7,9105
"ISR";2013;8,0595
"ISR";2014;8,2157
"ISR";2015;8,3801
"ISR";2016;8,546
"ISR";2017;8,7133
"ISR";2018;8,8828
"ISR";2019;9,054
"ISR";2020;9,2151
"ISR";2021;9,3714
"ISR";2022;9,5575
"ITA";2010;59,277417
"ITA";2011;59,379449
"ITA";2012;59,539717
"ITA";2013;60,233948
"ITA";2014;60,78914
"ITA";2015;60,730582
"ITA";2016;60,627498
"ITA";2017;60,536709
"ITA";2018;60,42176
"ITA";2019;59,729081
"ITA";2020;59,438851
"ITA";2021;59,133173
"ITA";2022;58,940425
"JAM";2010;2,733896
"JAM";2011;2,746169
"JAM";2012;2,759817
"JAM";2013;2,773129
"JAM";2014;2,784543
"JAM";2015;2,794445
"JAM";2016;2,802695
"JAM";2017;2,808376
"JAM";2018;2,811835
"JAM";2019;2,813773
"JAM";2020;2,820436
"JAM";2021;2,827695
"JAM";2022;2,827377
"JOR";2010;6,931258
"JOR";2011;7,10998
"JOR";2012;7,211863
"JOR";2013;7,694814
"JOR";2014;8,658026
"JOR";2015;9,494246
"JOR";2016;9,964656
"JOR";2017;10,215381
"JOR";2018;10,459865
"JOR";2019;10,698683
"JOR";2020;10,928721
"JOR";2021;11,148278
"JOR";2022;11,285869
"JPN";2010;128,07
"JPN";2011;127,833
"JPN";2012;127,629
"JPN";2013;127,445
"JPN";2014;127,276
"JPN";2015;127,141
"JPN";2016;127,076
"JPN";2017;126,972
"JPN";2018;126,811
"JPN";2019;126,633
"JPN";2020;126,261
"JPN";2021;125,681593
"JPN";2022;125,124989
"KAZ";2010;16,321872
"KAZ";2011;16,557202
"KAZ";2012;16,79209
"KAZ";2013;17,035551
"KAZ";2014;17,288285
"KAZ";2015;17,542806
"KAZ";2016;17,794055
"KAZ";2017;18,037776
"KAZ";2018;18,276452
"KAZ";2019;18,513673
"KAZ";2020;18,755666
"KAZ";2021;19,000988
"KAZ";2022;19,621972
"KEN";2010;41,517895
"KEN";2011;42,635144
"KEN";2012;43,725806
"KEN";2013;44,792368
"KEN";2014;45,831863
"KEN";2015;46,851488
"KEN";2016;47,89467
"KEN";2017;48,948137
"KEN";2018;49,953304
"KEN";2019;50,95145
"KEN";2020;51,98578
"KEN";2021;53,005614
"KEN";2022;54,027487
"KGZ";2010;5,4479
"KGZ";2011;5,5146
"KGZ";2012;5,6072
"KGZ";2013;5,7196
"KGZ";2014;5,8355
"KGZ";2015;5,9569
"KGZ";2016;6,0795
"KGZ";2017;6,1982
"KGZ";2018;6,3228
"KGZ";2019;6,4562
"KGZ";2020;6,5799
"KGZ";2021;6,7734
"KGZ";2022;6,9749
"KHM";2010;14,363532
"KHM";2011;14,573885
"KHM";2012;14,78664
"KHM";2013;14,999683
"KHM";2014;15,210817
"KHM";2015;15,417523
"KHM";2016;15,624584
"KHM";2017;15,830689
"KHM";2018;16,025238
"KHM";2019;16,207746
"KHM";2020;16,39686
"KHM";2021;16,589023
"KHM";2022;16,767842
"KIR";2010;0,107995
"KIR";2011;0,109871
"KIR";2012;0,111618
"KIR";2013;0,113311
"KIR";2014;0,114985
"KIR";2015;0,116707
"KIR";2016;0,118513
"KIR";2017;0,120362
"KIR";2018;0,122261
"KIR";2019;0,124241
"KIR";2020;0,126463
"KIR";2021;0,128874
"KIR";2022;0,131232
"KNA";2010;0,047403
"KNA";2011;0,047581
"KNA";2012;0,047727
"KNA";2013;0,047767
"KNA";2014;0,047789
"KNA";2015;0,04779
"KNA";2016;0,047788
"KNA";2017;0,047785
"KNA";2018;0,047761
"KNA";2019;0,047712
"KNA";2020;0,047642
"KNA";2021;0,047606
"KNA";2022;0,047657
"KOR";2010;49,554112
"KOR";2011;49,936638
"KOR";2012;50,199853
"KOR";2013;50,428893
"KOR";2014;50,746659
"KOR";2015;51,014947
"KOR";2016;51,217803
"KOR";2017;51,361911
"KOR";2018;51,585058
"KOR";2019;51,764822
"KOR";2020;51,836239
"KOR";2021;51,744876
"KOR";2022;51,628117
"KWT";2010;2,943356
"KWT";2011;3,143825
"KWT";2012;3,394663
"KWT";2013;3,646518
"KWT";2014;3,761584
"KWT";2015;3,908743
"KWT";2016;4,048085
"KWT";2017;4,124904
"KWT";2018;4,317185
"KWT";2019;4,4411
"KWT";2020;4,360444
"KWT";2021;4,250114
"KWT";2022;4,268873
"LAO";2010;6,323418
"LAO";2011;6,416327
"LAO";2012;6,508803
"LAO";2013;6,600742
"LAO";2014;6,691454
"LAO";2015;6,787419
"LAO";2016;6,891363
"LAO";2017;6,997917
"LAO";2018;7,105006
"LAO";2019;7,212053
"LAO";2020;7,319399
"LAO";2021;7,425057
"LAO";2022;7,529475
"LBN";2010;4,9958
"LBN";2011;5,045056
"LBN";2012;5,178337
"LBN";2013;5,678851
"LBN";2014;6,274342
"LBN";2015;6,39894
"LBN";2016;6,258619
"LBN";2017;6,109252
"LBN";2018;5,950839
"LBN";2019;5,781907
"LBN";2020;5,662923
"LBN";2021;5,592631
"LBN";2022;5,489739
"LBR";2010;4,019956
"LBR";2011;4,18115
"LBR";2012;4,33174
"LBR";2013;4,427313
"LBR";2014;4,519398
"LBR";2015;4,612329
"LBR";2016;4,706097
"LBR";2017;4,796631
"LBR";2018;4,889391
"LBR";2019;4,985289
"LBR";2020;5,087584
"LBR";2021;5,193416
"LBR";2022;5,302681
"LBY";2010;6,491988
"LBY";2011;6,188132
"LBY";2012;5,86987
"LBY";2013;5,985221
"LBY";2014;6,097764
"LBY";2015;6,192235
"LBY";2016;6,282196
"LBY";2017;6,378261
"LBY";2018;6,477793
"LBY";2019;6,569088
"LBY";2020;6,653942
"LBY";2021;6,735277
"LBY";2022;6,812341
"LCA";2010;0,170935
"LCA";2011;0,172145
"LCA";2012;0,173124
"LCA";2013;0,173978
"LCA";2014;0,174804
"LCA";2015;0,175623
"LCA";2016;0,176413
"LCA";2017;0,177163
"LCA";2018;0,177888
"LCA";2019;0,178583
"LCA";2020;0,179237
"LCA";2021;0,179651
"LCA";2022;0,179857
"LIE";2010;0,035926
"LIE";2011;0,036189
"LIE";2012;0,036505
"LIE";2013;0,036806
"LIE";2014;0,037096
"LIE";2015;0,037355
"LIE";2016;0,037609
"LIE";2017;0,037889
"LIE";2018;0,038181
"LIE";2019;0,038482
"LIE";2020;0,038756
"LIE";2021;0,039039
"LIE";2022;0,039327
"LKA";2010;20,668557
"LKA";2011;20,859743
"LKA";2012;21,017147
"LKA";2013;21,131756
"LKA";2014;21,239457
"LKA";2015;21,336697
"LKA";2016;21,425494
"LKA";2017;21,506813
"LKA";2018;21,67
"LKA";2019;21,803
"LKA";2020;21,919
"LKA";2021;22,156
"LKA";2022;22,181
"LSO";2010;2,022747
"LSO";2011;2,037677
"LSO";2012;2,054718
"LSO";2013;2,073939
"LSO";2014;2,095242
"LSO";2015;2,118521
"LSO";2016;2,143872
"LSO";2017;2,170617
"LSO";2018;2,198017
"LSO";2019;2,225702
"LSO";2020;2,2541
"LSO";2021;2,281454
"LSO";2022;2,305825
"LTU";2010;3,097282
"LTU";2011;3,028115
"LTU";2012;2,987773
"LTU";2013;2,957689
"LTU";2014;2,932367
"LTU";2015;2,90491
"LTU";2016;2,868231
"LTU";2017;2,828403
"LTU";2018;2,801543
"LTU";2019;2,794137
"LTU";2020;2,794885
"LTU";2021;2,800839
"LTU";2022;2,831639
"LUX";2010;0,506953
"LUX";2011;0,518347
"LUX";2012;0,530946
"LUX";2013;0,54336
"LUX";2014;0,556319
"LUX";2015;0,569604
"LUX";2016;0,582014
"LUX";2017;0,596336
"LUX";2018;0,60795
"LUX";2019;0,620001
"LUX";2020;0,630419
"LUX";2021;0,640064
"LUX";2022;0,653103
"LVA";2010;2,097555
"LVA";2011;2,059709
"LVA";2012;2,034319
"LVA";2013;2,012647
"LVA";2014;1,993782
"LVA";2015;1,977527
"LVA";2016;1,959537
"LVA";2017;1,942248
"LVA";2018;1,927174
"LVA";2019;1,913822
"LVA";2020;1,900449
"LVA";2021;1,88449
"LVA";2022;1,879383
"MAC";2010;0,557297
"MAC";2011;0,571003
"MAC";2012;0,582766
"MAC";2013;0,593374
"MAC";2014;0,604167
"MAC";2015;0,615239
"MAC";2016;0,626688
"MAC";2017;0,638609
"MAC";2018;0,650991
"MAC";2019;0,663653
"MAC";2020;0,676283
"MAC";2021;0,686607
"MAC";2022;0,695168
"MAF";2010;0,036458
"MAF";2011;0,03635
"MAF";2012;0,036026
"MAF";2013;0,035639
"MAF";2014;0,035261
"MAF";2015;0,03502
"MAF";2016;0,034811
"MAF";2017;0,034496
"MAF";2018;0,033852
"MAF";2019;0,033121
"MAF";2020;0,032553
"MAF";2021;0,031948
"MAF";2022;0,031791
"MAR";2010;32,464865
"MAR";2011;32,903699
"MAR";2012;33,352169
"MAR";2013;33,803527
"MAR";2014;34,248603
"MAR";2015;34,680458
"MAR";2016;35,107264
"MAR";2017;35,528115
"MAR";2018;35,927511
"MAR";2019;36,304408
"MAR";2020;36,688772
"MAR";2021;37,076584
"MAR";2022;37,457971
"MCO";2010;0,033178
"MCO";2011;0,033945
"MCO";2012;0,0347
"MCO";2013;0,035425
"MCO";2014;0,03611
"MCO";2015;0,03676
"MCO";2016;0,037071
"MCO";2017;0,037044
"MCO";2018;0,037029
"MCO";2019;0,037034
"MCO";2020;0,036922
"MCO";2021;0,036686
"MCO";2022;0,036469
"MDA";2010;2,862354
"MDA";2011;2,860699
"MDA";2012;2,860324
"MDA";2013;2,859558
"MDA";2014;2,857815
"MDA";2015;2,835978
"MDA";2016;2,803186
"MDA";2017;2,755189
"MDA";2018;2,707203
"MDA";2019;2,664224
"MDA";2020;2,63513
"MDA";2021;2,595809
"MDA";2022;2,538894
"MDG";2010;21,731053
"MDG";2011;22,348158
"MDG";2012;22,96624
"MDG";2013;23,588073
"MDG";2014;24,215976
"MDG";2015;24,850912
"MDG";2016;25,501941
"MDG";2017;26,169542
"MDG";2018;26,846541
"MDG";2019;27,533134
"MDG";2020;28,225177
"MDG";2021;28,915653
"MDG";2022;29,611714
"MDV";2010;0,361575
"MDV";2011;0,37444
"MDV";2012;0,387539
"MDV";2013;0,400728
"MDV";2014;0,416738
"MDV";2015;0,435582
"MDV";2016;0,454252
"MDV";2017;0,472442
"MDV";2018;0,489758
"MDV";2019;0,504508
"MDV";2020;0,514438
"MDV";2021;0,521457
"MDV";2022;0,523787
"MEX";2010;112,532401
"MEX";2011;114,150481
"MEX";2012;115,755909
"MEX";2013;117,290686
"MEX";2014;118,755887
"MEX";2015;120,149897
"MEX";2016;121,519221
"MEX";2017;122,839258
"MEX";2018;124,013861
"MEX";2019;125,085311
"MEX";2020;125,998302
"MEX";2021;126,705138
"MEX";2022;127,504125
"MHL";2010;0,053416
"MHL";2011;0,052971
"MHL";2012;0,052203
"MHL";2013;0,051352
"MHL";2014;0,050419
"MHL";2015;0,04941
"MHL";2016;0,048329
"MHL";2017;0,047187
"MHL";2018;0,045989
"MHL";2019;0,044728
"MHL";2020;0,043413
"MHL";2021;0,04205
"MHL";2022;0,041569
"MKD";2010;2,055004
"MKD";2011;2,058539
"MKD";2012;2,061044
"MKD";2013;2,064032
"MKD";2014;2,067471
"MKD";2015;2,070226
"MKD";2016;2,07249
"MKD";2017;2,074502
"MKD";2018;2,076217
"MKD";2019;2,076694
"MKD";2020;2,072531
"MKD";2021;2,065092
"MKD";2022;2,057679
"MLI";2010;15,529181
"MLI";2011;16,039734
"MLI";2012;16,514687
"MLI";2013;17,004033
"MLI";2014;17,551814
"MLI";2015;18,112907
"MLI";2016;18,700106
"MLI";2017;19,311355
"MLI";2018;19,934298
"MLI";2019;20,567424
"MLI";2020;21,22404
"MLI";2021;21,904983
"MLI";2022;22,59359
"MLT";2010;0,414508
"MLT";2011;0,416268
"MLT";2012;0,420028
"MLT";2013;0,425967
"MLT";2014;0,434558
"MLT";2015;0,445053
"MLT";2016;0,455356
"MLT";2017;0,467999
"MLT";2018;0,48463
"MLT";2019;0,504062
"MLT";2020;0,515332
"MLT";2021;0,518536
"MLT";2022;0,531113
"MMR";2010;49,390988
"MMR";2011;49,794522
"MMR";2012;50,218185
"MMR";2013;50,648334
"MMR";2014;51,072436
"MMR";2015;51,483949
"MMR";2016;51,892349
"MMR";2017;52,288341
"MMR";2018;52,666014
"MMR";2019;53,040212
"MMR";2020;53,423198
"MMR";2021;53,798084
"MMR";2022;54,179306
"MNE";2010;0,619428
"MNE";2011;0,620079
"MNE";2012;0,620601
"MNE";2013;0,621207
"MNE";2014;0,62181
"MNE";2015;0,622159
"MNE";2016;0,622303
"MNE";2017;0,622373
"MNE";2018;0,622227
"MNE";2019;0,622028
"MNE";2020;0,621306
"MNE";2021;0,619211
"MNE";2022;0,617213
"MNG";2010;2,70252
"MNG";2011;2,743938
"MNG";2012;2,792349
"MNG";2013;2,845153
"MNG";2014;2,902823
"MNG";2015;2,964749
"MNG";2016;3,029555
"MNG";2017;3,09603
"MNG";2018;3,163991
"MNG";2019;3,23243
"MNG";2020;3,294335
"MNG";2021;3,347782
"MNG";2022;3,398366
"MNP";2010;0,054087
"MNP";2011;0,05252
"MNP";2012;0,052359
"MNP";2013;0,052141
"MNP";2014;0,051856
"MNP";2015;0,051514
"MNP";2016;0,051133
"MNP";2017;0,050729
"MNP";2018;0,050304
"MNP";2019;0,049858
"MNP";2020;0,049587
"MNP";2021;0,049481
"MNP";2022;0,049551
"MOZ";2010;23,073723
"MOZ";2011;23,760421
"MOZ";2012;24,487611
"MOZ";2013;25,251731
"MOZ";2014;26,038704
"MOZ";2015;26,843246
"MOZ";2016;27,696493
"MOZ";2017;28,569441
"MOZ";2018;29,423878
"MOZ";2019;30,285595
"MOZ";2020;31,178239
"MOZ";2021;32,077072
"MOZ";2022;32,969518
"MRT";2010;3,419461
"MRT";2011;3,524249
"MRT";2012;3,636113
"MRT";2013;3,742959
"MRT";2014;3,843174
"MRT";2015;3,94622
"MRT";2016;4,05189
"MRT";2017;4,160015
"MRT";2018;4,270712
"MRT";2019;4,383849
"MRT";2020;4,498604
"MRT";2021;4,614974
"MRT";2022;4,736139
"MUS";2010;1,2504
"MUS";2011;1,252404
"MUS";2012;1,255882
"MUS";2013;1,258927
"MUS";2014;1,261208
"MUS";2015;1,262879
"MUS";2016;1,263747
"MUS";2017;1,264887
"MUS";2018;1,265577
"MUS";2019;1,265985
"MUS";2020;1,266014
"MUS";2021;1,266334
"MUS";2022;1,262523
"MWI";2010;14,718422
"MWI";2011;15,146094
"MWI";2012;15,581251
"MWI";2013;16,024775
"MWI";2014;16,477966
"MWI";2015;16,938942
"MWI";2016;17,405624
"MWI";2017;17,881167
"MWI";2018;18,367883
"MWI";2019;18,867337
"MWI";2020;19,377061
"MWI";2021;19,889742
"MWI";2022;20,405317
"MYS";2010;28,717731
"MYS";2011;29,184133
"MYS";2012;29,660212
"MYS";2013;30,134807
"MYS";2014;30,606459
"MYS";2015;31,068833
"MYS";2016;31,526418
"MYS";2017;31,975806
"MYS";2018;32,399271
"MYS";2019;32,80402
"MYS";2020;33,199993
"MYS";2021;33,573874
"MYS";2022;33,938221
"NAM";2010;2,099271
"NAM";2011;2,13234
"NAM";2012;2,16747
"NAM";2013;2,20451
"NAM";2014;2,243001
"NAM";2015;2,282704
"NAM";2016;2,323352
"NAM";2017;2,364534
"NAM";2018;2,40568
"NAM";2019;2,446644
"NAM";2020;2,489098
"NAM";2021;2,530151
"NAM";2022;2,567012
"NCL";2010;0,24975
"NCL";2011;0,25435
"NCL";2012;0,259
"NCL";2013;0,26365
"NCL";2014;0,26805
"NCL";2015;0,26946
"NCL";2016;0,27022
"NCL";2017;0,27081
"NCL";2018;0,27117
"NCL";2019;0,27124
"NCL";2020;0,27108
"NCL";2021;0,27039
"NCL";2022;0,26922
"NER";2010;16,647543
"NER";2011;17,283112
"NER";2012;17,954407
"NER";2013;18,653199
"NER";2014;19,372014
"NER";2015;20,128124
"NER";2016;20,921743
"NER";2017;21,737922
"NER";2018;22,577058
"NER";2019;23,443393
"NER";2020;24,333639
"NER";2021;25,252722
"NER";2022;26,207977
"NGA";2010;160,952853
"NGA";2011;165,463745
"NGA";2012;170,075932
"NGA";2013;174,726123
"NGA";2014;179,379016
"NGA";2015;183,995785
"NGA";2016;188,666931
"NGA";2017;193,495907
"NGA";2018;198,387623
"NGA";2019;203,304492
"NGA";2020;208,327405
"NGA";2021;213,401323
"NGA";2022;218,541212
"NIC";2010;5,855734
"NIC";2011;5,942553
"NIC";2012;6,030607
"NIC";2013;6,119379
"NIC";2014;6,208676
"NIC";2015;6,298598
"NIC";2016;6,389235
"NIC";2017;6,480532
"NIC";2018;6,572233
"NIC";2019;6,663924
"NIC";2020;6,755895
"NIC";2021;6,85054
"NIC";2022;6,948392
"NLD";2010;16,615394
"NLD";2011;16,693074
"NLD";2012;16,754962
"NLD";2013;16,804432
"NLD";2014;16,865008
"NLD";2015;16,939923
"NLD";2016;17,030314
"NLD";2017;17,131296
"NLD";2018;17,231624
"NLD";2019;17,344874
"NLD";2020;17,4415
"NLD";2021;17,533044
"NLD";2022;17,700982
"NOR";2010;4,889252
"NOR";2011;4,953088
"NOR";2012;5,018573
"NOR";2013;5,079623
"NOR";2014;5,137232
"NOR";2015;5,188607
"NOR";2016;5,234519
"NOR";2017;5,276968
"NOR";2018;5,311916
"NOR";2019;5,347896
"NOR";2020;5,379475
"NOR";2021;5,40832
"NOR";2022;5,457127
"NPL";2010;27,161567
"NPL";2011;27,266399
"NPL";2012;27,330694
"NPL";2013;27,381555
"NPL";2014;27,462106
"NPL";2015;27,610325
"NPL";2016;27,861186
"NPL";2017;28,183426
"NPL";2018;28,506712
"NPL";2019;28,832496
"NPL";2020;29,348627
"NPL";2021;30,034989
"NPL";2022;30,54758
"NRU";2010;0,010241
"NRU";2011;0,010283
"NRU";2012;0,010444
"NRU";2013;0,010694
"NRU";2014;0,01094
"NRU";2015;0,011185
"NRU";2016;0,011437
"NRU";2017;0,011682
"NRU";2018;0,011924
"NRU";2019;0,012132
"NRU";2020;0,012315
"NRU";2021;0,012511
"NRU";2022;0,012668
"NZL";2010;4,3507
"NZL";2011;4,384
"NZL";2012;4,4081
"NZL";2013;4,4421
"NZL";2014;4,5165
"NZL";2015;4,6094
"NZL";2016;4,7141
"NZL";2017;4,8136
"NZL";2018;4,9006
"NZL";2019;4,9792
"NZL";2020;5,0902
"NZL";2021;5,1114
"NZL";2022;5,1241
"OMN";2010;2,881914
"OMN";2011;3,20687
"OMN";2012;3,535579
"OMN";2013;3,81668
"OMN";2014;4,009267
"OMN";2015;4,191776
"OMN";2016;4,39807
"OMN";2017;4,541854
"OMN";2018;4,601157
"OMN";2019;4,602768
"OMN";2020;4,543399
"OMN";2021;4,520471
"OMN";2022;4,576298
"PAK";2010;194,454498
"PAK";2011;198,602738
"PAK";2012;202,205861
"PAK";2013;205,337562
"PAK";2014;208,251628
"PAK";2015;210,969298
"PAK";2016;213,52484
"PAK";2017;216,379655
"PAK";2018;219,731479
"PAK";2019;223,29328
"PAK";2020;227,196741
"PAK";2021;231,402117
"PAK";2022;235,824862
"PAN";2010;3,623617
"PAN";2011;3,688674
"PAN";2012;3,754862
"PAN";2013;3,821556
"PAN";2014;3,888793
"PAN";2015;3,957099
"PAN";2016;4,026336
"PAN";2017;4,096063
"PAN";2018;4,165255
"PAN";2019;4,232532
"PAN";2020;4,294396
"PAN";2021;4,351267
"PAN";2022;4,408581
"PER";2010;29,229572
"PER";2011;29,477721
"PER";2012;29,749589
"PER";2013;30,038809
"PER";2014;30,353951
"PER";2015;30,711863
"PER";2016;31,132779
"PER";2017;31,605486
"PER";2018;32,203944
"PER";2019;32,824861
"PER";2020;33,304756
"PER";2021;33,715471
"PER";2022;34,049588
"PHL";2010;94,6367
"PHL";2011;96,337913
"PHL";2012;98,032317
"PHL";2013;99,700107
"PHL";2014;101,325201
"PHL";2015;103,031365
"PHL";2016;104,875266
"PHL";2017;106,738501
"PHL";2018;108,568836
"PHL";2019;110,380804
"PHL";2020;112,190977
"PHL";2021;113,880328
"PHL";2022;115,559009
"PLW";2010;0,01854
"PLW";2011;0,01824
"PLW";2012;0,017946
"PLW";2013;0,017805
"PLW";2014;0,017796
"PLW";2015;0,017794
"PLW";2016;0,017816
"PLW";2017;0,017837
"PLW";2018;0,017864
"PLW";2019;0,017916
"PLW";2020;0,017972
"PLW";2021;0,018024
"PLW";2022;0,018055
"PNG";2010;7,583269
"PNG";2011;7,806637
"PNG";2012;8,026545
"PNG";2013;8,245627
"PNG";2014;8,464153
"PNG";2015;8,682174
"PNG";2016;8,899169
"PNG";2017;9,114796
"PNG";2018;9,329227
"PNG";2019;9,542486
"PNG";2020;9,74964
"PNG";2021;9,949437
"PNG";2022;10,142619
"POL";2010;38,042794
"POL";2011;38,063255
"POL";2012;38,063164
"POL";2013;38,040196
"POL";2014;38,011735
"POL";2015;37,986412
"POL";2016;37,970087
"POL";2017;37,974826
"POL";2018;37,97475
"POL";2019;37,965475
"POL";2020;37,89907
"POL";2021;37,747124
"POL";2022;36,821749
"PRI";2010;3,721525
"PRI";2011;3,678732
"PRI";2012;3,634488
"PRI";2013;3,593077
"PRI";2014;3,534874
"PRI";2015;3,473232
"PRI";2016;3,406672
"PRI";2017;3,325286
"PRI";2018;3,193354
"PRI";2019;3,193694
"PRI";2020;3,281557
"PRI";2021;3,262693
"PRI";2022;3,221789
"PRK";2010;24,686435
"PRK";2011;24,783789
"PRK";2012;24,88777
"PRK";2013;25,001819
"PRK";2014;25,126131
"PRK";2015;25,258015
"PRK";2016;25,389611
"PRK";2017;25,516321
"PRK";2018;25,638149
"PRK";2019;25,755441
"PRK";2020;25,867467
"PRK";2021;25,971909
"PRK";2022;26,069416
"PRT";2010;10,5731
"PRT";2011;10,55756
"PRT";2012;10,514844
"PRT";2013;10,457295
"PRT";2014;10,401062
"PRT";2015;10,358076
"PRT";2016;10,325452
"PRT";2017;10,3003
"PRT";2018;10,283822
"PRT";2019;10,286263
"PRT";2020;10,297081
"PRT";2021;10,361831
"PRT";2022;10,409704
"PRY";2010;5,768613
"PRY";2011;5,843939
"PRY";2012;5,923322
"PRY";2013;6,005652
"PRY";2014;6,090721
"PRY";2015;6,17795
"PRY";2016;6,266615
"PRY";2017;6,355404
"PRY";2018;6,443328
"PRY";2019;6,530026
"PRY";2020;6,618695
"PRY";2021;6,703799
"PRY";2022;6,780744
"PSE";2010;3,786161
"PSE";2011;3,882986
"PSE";2012;3,979998
"PSE";2013;4,076708
"PSE";2014;4,173398
"PSE";2015;4,270092
"PSE";2016;4,367088
"PSE";2017;4,454805
"PSE";2018;4,569087
"PSE";2019;4,685306
"PSE";2020;4,803269
"PSE";2021;4,922749
"PSE";2022;5,043612
"PYF";2010;0,283788
"PYF";2011;0,285265
"PYF";2012;0,286584
"PYF";2013;0,288032
"PYF";2014;0,289873
"PYF";2015;0,291787
"PYF";2016;0,293541
"PYF";2017;0,29545
"PYF";2018;0,297606
"PYF";2019;0,299717
"PYF";2020;0,30192
"PYF";2021;0,304032
"PYF";2022;0,306279
"QAT";2010;1,713504
"QAT";2011;1,804171
"QAT";2012;1,90566
"QAT";2013;2,035501
"QAT";2014;2,214465
"QAT";2015;2,414573
"QAT";2016;2,595166
"QAT";2017;2,711755
"QAT";2018;2,766732
"QAT";2019;2,807235
"QAT";2020;2,760385
"QAT";2021;2,688235
"QAT";2022;2,695122
"ROU";2010;20,246871
"ROU";2011;20,147528
"ROU";2012;20,058035
"ROU";2013;19,983693
"ROU";2014;19,908979
"ROU";2015;19,815616
"ROU";2016;19,702267
"ROU";2017;19,588715
"ROU";2018;19,47397
"ROU";2019;19,371648
"ROU";2020;19,26525
"ROU";2021;19,122059
"ROU";2022;19,047009
"RUS";2010;142,849468
"RUS";2011;142,960908
"RUS";2012;143,201721
"RUS";2013;143,506995
"RUS";2014;143,819667
"RUS";2015;144,09687
"RUS";2016;144,342397
"RUS";2017;144,496739
"RUS";2018;144,477859
"RUS";2019;144,406261
"RUS";2020;144,073139
"RUS";2021;144,130482
"RUS";2022;144,236933
"RWA";2010;10,309031
"RWA";2011;10,576932
"RWA";2012;10,840334
"RWA";2013;11,10135
"RWA";2014;11,368451
"RWA";2015;11,642959
"RWA";2016;11,930899
"RWA";2017;12,230339
"RWA";2018;12,531808
"RWA";2019;12,835028
"RWA";2020;13,146362
"RWA";2021;13,461888
"RWA";2022;13,776698
"SAU";2010;29,411929
"SAU";2011;30,150945
"SAU";2012;30,821543
"SAU";2013;31,482498
"SAU";2014;32,125564
"SAU";2015;32,749848
"SAU";2016;33,41627
"SAU";2017;34,193122
"SAU";2018;35,018133
"SAU";2019;35,827362
"SAU";2020;35,997107
"SAU";2021;35,950396
"SAU";2022;36,40882
"SDN";2010;33,739933
"SDN";2011;34,419624
"SDN";2012;35,159792
"SDN";2013;35,990704
"SDN";2014;37,003245
"SDN";2015;38,171178
"SDN";2016;39,377169
"SDN";2017;40,679828
"SDN";2018;41,999059
"SDN";2019;43,232093
"SDN";2020;44,440486
"SDN";2021;45,657202
"SDN";2022;46,874204
"SEN";2010;12,530121
"SEN";2011;12,87588
"SEN";2012;13,231833
"SEN";2013;13,595566
"SEN";2014;13,970308
"SEN";2015;14,356181
"SEN";2016;14,751356
"SEN";2017;15,157793
"SEN";2018;15,574909
"SEN";2019;16,000781
"SEN";2020;16,43612
"SEN";2021;16,87672
"SEN";2022;17,316449
"SGP";2010;5,076732
"SGP";2011;5,183688
"SGP";2012;5,312437
"SGP";2013;5,399162
"SGP";2014;5,469724
"SGP";2015;5,535002
"SGP";2016;5,607283
"SGP";2017;5,612253
"SGP";2018;5,638676
"SGP";2019;5,703569
"SGP";2020;5,685807
"SGP";2021;5,453566
"SGP";2022;5,637022
"SLB";2010;0,540394
"SLB";2011;0,553721
"SLB";2012;0,567763
"SLB";2013;0,582365
"SLB";2014;0,597375
"SLB";2015;0,61266
"SLB";2016;0,628102
"SLB";2017;0,643634
"SLB";2018;0,659249
"SLB";2019;0,674993
"SLB";2020;0,691191
"SLB";2021;0,707851
"SLB";2022;0,724273
"SLE";2010;6,436698
"SLE";2011;6,612385
"SLE";2012;6,788587
"SLE";2013;6,964859
"SLE";2014;7,140688
"SLE";2015;7,314773
"SLE";2016;7,493913
"SLE";2017;7,677565
"SLE";2018;7,861281
"SLE";2019;8,046828
"SLE";2020;8,23397
"SLE";2021;8,420641
"SLE";2022;8,605718
"SLV";2010;6,114034
"SLV";2011;6,137349
"SLV";2012;6,161289
"SLV";2013;6,185642
"SLV";2014;6,209526
"SLV";2015;6,231066
"SLV";2016;6,25051
"SLV";2017;6,266654
"SLV";2018;6,276342
"SLV";2019;6,280217
"SLV";2020;6,292731
"SLV";2021;6,314167
"SLV";2022;6,336392
"SMR";2010;0,031608
"SMR";2011;0,032495
"SMR";2012;0,033132
"SMR";2013;0,033285
"SMR";2014;0,033389
"SMR";2015;0,03357
"SMR";2016;0,033834
"SMR";2017;0,034056
"SMR";2018;0,034156
"SMR";2019;0,034178
"SMR";2020;0,034007
"SMR";2021;0,033745
"SMR";2022;0,03366
"SOM";2010;12,026649
"SOM";2011;12,216837
"SOM";2012;12,440326
"SOM";2013;12,852485
"SOM";2014;13,309235
"SOM";2015;13,763906
"SOM";2016;14,292847
"SOM";2017;14,864221
"SOM";2018;15,411094
"SOM";2019;15,9813
"SOM";2020;16,537016
"SOM";2021;17,065581
"SOM";2022;17,597511
"SRB";2010;7,291436
"SRB";2011;7,234099
"SRB";2012;7,199077
"SRB";2013;7,164132
"SRB";2014;7,130576
"SRB";2015;7,095383
"SRB";2016;7,058322
"SRB";2017;7,020858
"SRB";2018;6,982604
"SRB";2019;6,945235
"SRB";2020;6,899126
"SRB";2021;6,834326
"SRB";2022;6,664449
"SSD";2010;9,714419
"SSD";2011;10,24305
"SSD";2012;10,701604
"SSD";2013;11,106031
"SSD";2014;11,213284
"SSD";2015;11,194299
"SSD";2016;11,066105
"SSD";2017;10,658226
"SSD";2018;10,395329
"SSD";2019;10,447666
"SSD";2020;10,606227
"SSD";2021;10,748272
"SSD";2022;10,913164
"STP";2010;0,182138
"STP";2011;0,186044
"STP";2012;0,189924
"STP";2013;0,193757
"STP";2014;0,197497
"STP";2015;0,201124
"STP";2016;0,204632
"STP";2017;0,208036
"STP";2018;0,211344
"STP";2019;0,214599
"STP";2020;0,218641
"STP";2021;0,223107
"STP";2022;0,22738
"SUR";2010;0,54608
"SUR";2011;0,552146
"SUR";2012;0,558111
"SUR";2013;0,563947
"SUR";2014;0,569682
"SUR";2015;0,575475
"SUR";2016;0,581453
"SUR";2017;0,587559
"SUR";2018;0,593715
"SUR";2019;0,600301
"SUR";2020;0,607065
"SUR";2021;0,612985
"SUR";2022;0,61804
"SVK";2010;5,391428
"SVK";2011;5,398384
"SVK";2012;5,407579
"SVK";2013;5,413393
"SVK";2014;5,418649
"SVK";2015;5,423801
"SVK";2016;5,430798
"SVK";2017;5,439232
"SVK";2018;5,446771
"SVK";2019;5,454147
"SVK";2020;5,458827
"SVK";2021;5,447247
"SVK";2022;5,431752
"SVN";2010;2,048583
"SVN";2011;2,052843
"SVN";2012;2,057159
"SVN";2013;2,059953
"SVN";2014;2,06198
"SVN";2015;2,063531
"SVN";2016;2,065042
"SVN";2017;2,066388
"SVN";2018;2,073894
"SVN";2019;2,088385
"SVN";2020;2,102419
"SVN";2021;2,108079
"SVN";2022;2,111986
"SWE";2010;9,378126
"SWE";2011;9,449213
"SWE";2012;9,519374
"SWE";2013;9,600379
"SWE";2014;9,69611
"SWE";2015;9,799186
"SWE";2016;9,923085
"SWE";2017;10,057698
"SWE";2018;10,175214
"SWE";2019;10,278887
"SWE";2020;10,353442
"SWE";2021;10,415811
"SWE";2022;10,486941
"SWZ";2010;1,09992
"SWZ";2011;1,105371
"SWZ";2012;1,111444
"SWZ";2013;1,118319
"SWZ";2014;1,125865
"SWZ";2015;1,133936
"SWZ";2016;1,142524
"SWZ";2017;1,15139
"SWZ";2018;1,160428
"SWZ";2019;1,169613
"SWZ";2020;1,180655
"SWZ";2021;1,192271
"SWZ";2022;1,20167
"SXM";2010;0,034056
"SXM";2011;0,033435
"SXM";2012;0,03464
"SXM";2013;0,036607
"SXM";2014;0,037685
"SXM";2015;0,038825
"SXM";2016;0,039969
"SXM";2017;0,040574
"SXM";2018;0,040895
"SXM";2019;0,041608
"SXM";2020;0,04231
"SXM";2021;0,042668
"SXM";2022;0,042848
"SYC";2010;0,08977
"SYC";2011;0,087441
"SYC";2012;0,088303
"SYC";2013;0,089949
"SYC";2014;0,091359
"SYC";2015;0,093419
"SYC";2016;0,094677
"SYC";2017;0,095843
"SYC";2018;0,096762
"SYC";2019;0,097625
"SYC";2020;0,098462
"SYC";2021;0,099258
"SYC";2022;0,119878
"SYR";2010;22,337563
"SYR";2011;22,730733
"SYR";2012;22,605577
"SYR";2013;21,495821
"SYR";2014;20,072232
"SYR";2015;19,205178
"SYR";2016;18,964252
"SYR";2017;18,983373
"SYR";2018;19,333463
"SYR";2019;20,098251
"SYR";2020;20,772595
"SYR";2021;21,324367
"SYR";2022;22,125249
"TCA";2010;0,029726
"TCA";2011;0,030816
"TCA";2012;0,032081
"TCA";2013;0,033594
"TCA";2014;0,034985
"TCA";2015;0,036538
"TCA";2016;0,038246
"TCA";2017;0,039844
"TCA";2018;0,041487
"TCA";2019;0,04308
"TCA";2020;0,044276
"TCA";2021;0,045114
"TCA";2022;0,045703
"TCD";2010;11,894727
"TCD";2011;12,31773
"TCD";2012;12,754906
"TCD";2013;13,216766
"TCD";2014;13,697126
"TCD";2015;14,140274
"TCD";2016;14,592585
"TCD";2017;15,085884
"TCD";2018;15,60421
"TCD";2019;16,126866
"TCD";2020;16,644701
"TCD";2021;17,17974
"TCD";2022;17,723315
"TGO";2010;6,571855
"TGO";2011;6,748672
"TGO";2012;6,926635
"TGO";2013;7,106229
"TGO";2014;7,288383
"TGO";2015;7,473229
"TGO";2016;7,661354
"TGO";2017;7,852795
"TGO";2018;8,046679
"TGO";2019;8,243094
"TGO";2020;8,44258
"TGO";2021;8,644829
"TGO";2022;8,848699
"THA";2010;68,270489
"THA";2011;68,712846
"THA";2012;69,157023
"THA";2013;69,578602
"THA";2014;69,960943
"THA";2015;70,294397
"THA";2016;70,607037
"THA";2017;70,898202
"THA";2018;71,127802
"THA";2019;71,307763
"THA";2020;71,475664
"THA";2021;71,601103
"THA";2022;71,69703
"TJK";2010;7,621779
"TJK";2011;7,784819
"TJK";2012;7,956382
"TJK";2013;8,13661
"TJK";2014;8,326348
"TJK";2015;8,524063
"TJK";2016;8,725318
"TJK";2017;8,925525
"TJK";2018;9,128132
"TJK";2019;9,337003
"TJK";2020;9,543207
"TJK";2021;9,750064
"TJK";2022;9,952787
"TKM";2010;5,26797
"TKM";2011;5,360811
"TKM";2012;5,458682
"TKM";2013;5,560095
"TKM";2014;5,663152
"TKM";2015;5,766431
"TKM";2016;5,868561
"TKM";2017;5,968383
"TKM";2018;6,065066
"TKM";2019;6,15842
"TKM";2020;6,250438
"TKM";2021;6,341855
"TKM";2022;6,43077
"TLS";2010;1,088486
"TLS";2011;1,112976
"TLS";2012;1,137676
"TLS";2013;1,161555
"TLS";2014;1,18483
"TLS";2015;1,205813
"TLS";2016;1,224562
"TLS";2017;1,243235
"TLS";2018;1,261845
"TLS";2019;1,280438
"TLS";2020;1,299995
"TLS";2021;1,320942
"TLS";2022;1,341296
"TON";2010;0,107383
"TON";2011;0,107611
"TON";2012;0,107502
"TON";2013;0,107089
"TON";2014;0,106626
"TON";2015;0,106122
"TON";2016;0,105707
"TON";2017;0,105415
"TON";2018;0,10515
"TON";2019;0,104951
"TON";2020;0,105254
"TON";2021;0,106017
"TON";2022;0,106858
"TTO";2010;1,410296
"TTO";2011;1,42002
"TTO";2012;1,430377
"TTO";2013;1,440729
"TTO";2014;1,450661
"TTO";2015;1,460177
"TTO";2016;1,46933
"TTO";2017;1,478607
"TTO";2018;1,504709
"TTO";2019;1,519955
"TTO";2020;1,518147
"TTO";2021;1,525663
"TTO";2022;1,531044
"TUN";2010;10,895063
"TUN";2011;11,032528
"TUN";2012;11,174383
"TUN";2013;11,300284
"TUN";2014;11,428948
"TUN";2015;11,557779
"TUN";2016;11,685667
"TUN";2017;11,811443
"TUN";2018;11,933041
"TUN";2019;12,049314
"TUN";2020;12,161723
"TUN";2021;12,262946
"TUN";2022;12,356117
"TUR";2010;73,14215
"TUR";2011;74,223629
"TUR";2012;75,175827
"TUR";2013;76,147624
"TUR";2014;77,181884
"TUR";2015;78,218479
"TUR";2016;79,277962
"TUR";2017;80,312698
"TUR";2018;81,407204
"TUR";2019;82,57944
"TUR";2020;83,38468
"TUR";2021;84,147318
"TUR";2022;84,979913
"TUV";2010;0,01055
"TUV";2011;0,0107
"TUV";2012;0,010854
"TUV";2013;0,010918
"TUV";2014;0,010899
"TUV";2015;0,010877
"TUV";2016;0,010852
"TUV";2017;0,010828
"TUV";2018;0,010865
"TUV";2019;0,010956
"TUV";2020;0,011069
"TUV";2021;0,011204
"TUV";2022;0,011312
"TZA";2010;45,110527
"TZA";2011;46,416031
"TZA";2012;47,786137
"TZA";2013;49,253643
"TZA";2014;50,814552
"TZA";2015;52,542823
"TZA";2016;54,401802
"TZA";2017;56,267032
"TZA";2018;58,090443
"TZA";2019;59,872579
"TZA";2020;61,704518
"TZA";2021;63,588334
"TZA";2022;65,497748
"UGA";2010;32,341728
"UGA";2011;33,295738
"UGA";2012;34,273295
"UGA";2013;35,27357
"UGA";2014;36,336539
"UGA";2015;37,477356
"UGA";2016;38,748299
"UGA";2017;40,127085
"UGA";2018;41,515395
"UGA";2019;42,94908
"UGA";2020;44,404611
"UGA";2021;45,853778
"UGA";2022;47,249585
"UKR";2010;45,870741
"UKR";2011;45,706086
"UKR";2012;45,593342
"UKR";2013;45,489648
"UKR";2014;45,272155
"UKR";2015;45,154036
"UKR";2016;45,004673
"UKR";2017;44,831135
"UKR";2018;44,622518
"UKR";2019;44,386203
"UKR";2020;44,132049
"UKR";2021;43,822901
"UKR";2022;38
"URY";2010;3,352651
"URY";2011;3,361637
"URY";2012;3,371133
"URY";2013;3,38118
"URY";2014;3,391662
"URY";2015;3,402818
"URY";2016;3,413766
"URY";2017;3,4222
"URY";2018;3,427042
"URY";2019;3,428409
"URY";2020;3,429086
"URY";2021;3,42626
"URY";2022;3,422794
"USA";2010;309,327143
"USA";2011;311,583481
"USA";2012;313,877662
"USA";2013;316,059947
"USA";2014;318,386329
"USA";2015;320,738994
"USA";2016;323,071755
"USA";2017;325,122128
"USA";2018;326,838199
"USA";2019;328,329953
"USA";2020;331,511512
"USA";2021;332,031554
"USA";2022;333,287557
"UZB";2010;28,5624
"UZB";2011;29,3394
"UZB";2012;29,7745
"UZB";2013;30,2432
"UZB";2014;30,7577
"UZB";2015;31,2989
"UZB";2016;31,8479
"UZB";2017;32,3886
"UZB";2018;32,9561
"UZB";2019;33,58035
"UZB";2020;34,23205
"UZB";2021;34,9151
"UZB";2022;35,6481
"VCT";2010;0,109308
"VCT";2011;0,108703
"VCT";2012;0,108083
"VCT";2013;0,10745
"VCT";2014;0,106912
"VCT";2015;0,106482
"VCT";2016;0,105963
"VCT";2017;0,105549
"VCT";2018;0,105281
"VCT";2019;0,104924
"VCT";2020;0,104632
"VCT";2021;0,104332
"VCT";2022;0,103948
"VEN";2010;28,715022
"VEN";2011;29,096159
"VEN";2012;29,470426
"VEN";2013;29,838021
"VEN";2014;30,193258
"VEN";2015;30,529716
"VEN";2016;30,741464
"VEN";2017;30,563433
"VEN";2018;29,825653
"VEN";2019;28,971683
"VEN";2020;28,490453
"VEN";2021;28,199867
"VEN";2022;28,301696
"VGB";2010;0,027556
"VGB";2011;0,027962
"VGB";2012;0,028421
"VGB";2013;0,028657
"VGB";2014;0,028971
"VGB";2015;0,029366
"VGB";2016;0,029739
"VGB";2017;0,03006
"VGB";2018;0,030335
"VGB";2019;0,03061
"VGB";2020;0,03091
"VGB";2021;0,031122
"VGB";2022;0,031305
"VIR";2010;0,108357
"VIR";2011;0,10829
"VIR";2012;0,108188
"VIR";2013;0,108041
"VIR";2014;0,107882
"VIR";2015;0,107712
"VIR";2016;0,107516
"VIR";2017;0,107281
"VIR";2018;0,107001
"VIR";2019;0,106669
"VIR";2020;0,10629
"VIR";2021;0,10587
"VIR";2022;0,105413
"VNM";2010;87,411012
"VNM";2011;88,349117
"VNM";2012;89,301326
"VNM";2013;90,267739
"VNM";2014;91,235504
"VNM";2015;92,191398
"VNM";2016;93,126529
"VNM";2017;94,033048
"VNM";2018;94,91433
"VNM";2019;95,776716
"VNM";2020;96,648685
"VNM";2021;97,468029
"VNM";2022;98,186856
"VUT";2010;0,245453
"VUT";2011;0,251294
"VUT";2012;0,257313
"VUT";2013;0,263534
"VUT";2014;0,269927
"VUT";2015;0,276438
"VUT";2016;0,283218
"VUT";2017;0,290239
"VUT";2018;0,297298
"VUT";2019;0,304404
"VUT";2020;0,311685
"VUT";2021;0,319137
"VUT";2022;0,32674
"WSM";2010;0,194672
"WSM";2011;0,196351
"WSM";2012;0,198124
"WSM";2013;0,199939
"WSM";2014;0,201757
"WSM";2015;0,203571
"WSM";2016;0,205544
"WSM";2017;0,20763
"WSM";2018;0,209701
"WSM";2019;0,211905
"WSM";2020;0,214929
"WSM";2021;0,218764
"WSM";2022;0,222382
"XKX";2010;1,77568
"XKX";2011;1,791
"XKX";2012;1,807106
"XKX";2013;1,818117
"XKX";2014;1,812771
"XKX";2015;1,788196
"XKX";2016;1,777557
"XKX";2017;1,791003
"XKX";2018;1,797085
"XKX";2019;1,788878
"XKX";2020;1,790133
"XKX";2021;1,786038
"XKX";2022;1,761985
"YEM";2010;24,743946
"YEM";2011;25,47561
"YEM";2012;26,223391
"YEM";2013;26,984002
"YEM";2014;27,753304
"YEM";2015;28,516545
"YEM";2016;29,274002
"YEM";2017;30,034389
"YEM";2018;30,790513
"YEM";2019;31,546691
"YEM";2020;32,284046
"YEM";2021;32,981641
"YEM";2022;33,696614
"ZAF";2010;51,784921
"ZAF";2011;52,443325
"ZAF";2012;53,145033
"ZAF";2013;53,873616
"ZAF";2014;54,729551
"ZAF";2015;55,876504
"ZAF";2016;56,422274
"ZAF";2017;56,641209
"ZAF";2018;57,339635
"ZAF";2019;58,087055
"ZAF";2020;58,801927
"ZAF";2021;59,392255
"ZAF";2022;59,893885
"ZMB";2010;13,792086
"ZMB";2011;14,265814
"ZMB";2012;14,744658
"ZMB";2013;15,234976
"ZMB";2014;15,737793
"ZMB";2015;16,24823
"ZMB";2016;16,767761
"ZMB";2017;17,298054
"ZMB";2018;17,835893
"ZMB";2019;18,380477
"ZMB";2020;18,927715
"ZMB";2021;19,473125
"ZMB";2022;20,017675
"ZWE";2010;12,839771
"ZWE";2011;13,025785
"ZWE";2012;13,265331
"ZWE";2013;13,555422
"ZWE";2014;13,855753
"ZWE";2015;14,154937
"ZWE";2016;14,452704
"ZWE";2017;14,751101
"ZWE";2018;15,052184
"ZWE";2019;15,354608
"ZWE";2020;15,669666
"ZWE";2021;15,993524
"ZWE";2022;16,320537
